accuracy,features
0.8308457711442786,word_features
0.7860696517412935,word_pos_features
0.7736318407960199,word_pos_liwc_features
0.6069651741293532,only_liwc
